Sample in Buffer,Sample in Window,TRIGGER,ila_out[7:0]
Radix - UNSIGNED,UNSIGNED,UNSIGNED,UNSIGNED
0,0,0,255
1,1,0,255
2,2,0,255
3,3,0,255
4,4,0,255
5,5,0,255
6,6,0,255
7,7,0,255
8,8,0,255
9,9,0,255
10,10,0,254
11,11,0,255
12,12,0,222
13,13,0,51
14,14,0,60
15,15,0,72
16,16,0,46
17,17,0,43
18,18,0,28
19,19,0,77
20,20,0,83
21,21,0,70
22,22,0,42
23,23,0,40
24,24,0,27
25,25,0,27
26,26,0,23
27,27,0,56
28,28,0,227
29,29,0,255
30,30,0,254
31,31,0,255
32,32,0,255
33,33,0,255
34,34,0,255
35,35,0,255
36,36,0,255
37,37,0,255
38,38,0,255
39,39,0,255
40,40,0,255
41,41,0,254
42,42,0,255
43,43,0,242
44,44,0,67
45,45,0,35
46,46,0,41
47,47,0,56
48,48,0,227
49,49,0,213
50,50,0,44
51,51,0,76
52,52,0,69
53,53,0,57
54,54,0,230
55,55,0,228
56,56,0,38
57,57,0,17
58,58,0,22
59,59,0,17
60,60,0,50
61,61,0,241
62,62,0,255
63,63,0,254
64,64,0,255
65,65,0,255
66,66,0,255
67,67,0,255
68,68,0,255
69,69,0,255
70,70,0,255
71,71,0,255
72,72,0,255
73,73,0,255
74,74,0,255
75,75,0,254
76,76,0,237
77,77,0,239
78,78,0,237
79,79,0,243
80,80,0,239
81,81,0,62
82,82,0,73
83,83,0,69
84,84,0,58
85,85,0,224
86,86,0,255
87,87,0,238
88,88,0,37
89,89,0,35
90,90,0,41
91,91,0,19
92,92,0,49
93,93,0,241
94,94,0,255
95,95,0,254
96,96,0,255
97,97,0,255
98,98,0,255
99,99,0,255
100,100,0,255
101,101,0,255
102,102,0,255
103,103,0,255
104,104,0,255
105,105,0,255
106,106,0,255
107,107,0,255
108,108,0,255
109,109,0,255
110,110,0,254
111,111,0,255
112,112,0,237
113,113,0,36
114,114,0,60
115,115,0,60
116,116,0,225
117,117,0,255
118,118,0,255
119,119,0,236
120,120,0,67
121,121,0,226
122,122,0,227
123,123,0,66
124,124,0,224
125,125,0,255
126,126,0,254
127,127,0,255
128,128,0,255
129,129,0,255
130,130,0,255
131,131,0,255
132,132,0,255
133,133,0,255
134,134,0,255
135,135,0,255
136,136,0,255
137,137,0,255
138,138,0,255
139,139,0,255
140,140,0,254
141,141,0,254
142,142,0,253
143,143,0,255
144,144,0,241
145,145,0,52
146,146,0,52
147,147,0,227
148,148,0,255
149,149,0,253
150,150,0,255
151,151,0,254
152,152,0,241
153,153,0,254
154,154,0,254
155,155,0,241
156,156,0,254
157,157,0,255
158,158,0,255
159,159,0,255
160,160,0,255
161,161,0,255
162,162,0,255
163,163,0,255
164,164,0,255
165,165,0,255
166,166,0,255
167,167,0,255
168,168,0,255
169,169,0,255
170,170,0,255
171,171,0,255
172,172,0,255
173,173,0,255
174,174,0,255
175,175,0,255
176,176,0,254
177,177,0,240
178,178,0,239
179,179,0,254
180,180,0,254
181,181,0,255
182,182,0,255
183,183,0,255
184,184,0,255
185,185,0,254
186,186,0,254
187,187,0,255
188,188,0,254
189,189,0,255
190,190,0,255
191,191,0,255
192,192,0,255
193,193,0,255
194,194,0,255
195,195,0,255
196,196,0,255
197,197,0,255
198,198,0,255
199,199,0,255
200,200,0,255
201,201,0,255
202,202,0,255
203,203,0,255
204,204,0,255
205,205,0,255
206,206,0,255
207,207,0,255
208,208,0,255
209,209,0,255
210,210,0,255
211,211,0,254
212,212,0,255
213,213,0,255
214,214,0,255
215,215,0,255
216,216,0,254
217,217,0,255
218,218,0,255
219,219,0,254
220,220,0,255
221,221,0,255
222,222,0,255
223,223,0,255
224,224,0,255
225,225,0,255
226,226,0,255
227,227,0,255
228,228,0,255
229,229,0,255
230,230,0,255
231,231,0,255
232,232,0,255
233,233,0,255
234,234,0,255
235,235,0,255
236,236,0,255
237,237,0,255
238,238,0,255
239,239,0,255
240,240,0,255
241,241,0,254
242,242,0,254
243,243,0,255
244,244,0,255
245,245,0,255
246,246,0,255
247,247,0,255
248,248,0,255
249,249,0,255
250,250,0,255
251,251,0,255
252,252,0,255
253,253,0,255
254,254,0,255
255,255,0,255
256,256,0,255
257,257,0,255
258,258,0,255
259,259,0,255
260,260,0,255
261,261,0,255
262,262,0,255
263,263,0,255
264,264,0,255
265,265,0,255
266,266,0,255
267,267,0,255
268,268,0,255
269,269,0,255
270,270,0,255
271,271,0,255
272,272,0,255
273,273,0,255
274,274,0,255
275,275,0,255
276,276,0,255
277,277,0,255
278,278,0,255
279,279,0,255
280,280,0,255
281,281,0,255
282,282,0,255
283,283,0,255
284,284,0,255
285,285,0,255
286,286,0,255
287,287,0,255
288,288,0,255
289,289,0,255
290,290,0,255
291,291,0,255
292,292,0,255
293,293,0,255
294,294,0,255
295,295,0,255
296,296,0,255
297,297,0,255
298,298,0,255
299,299,0,255
300,300,0,255
301,301,0,255
302,302,0,255
303,303,0,255
304,304,0,255
305,305,0,255
306,306,0,255
307,307,0,255
308,308,0,255
309,309,0,255
310,310,0,255
311,311,0,255
312,312,0,255
313,313,0,255
314,314,0,255
315,315,0,255
316,316,0,255
317,317,0,255
318,318,0,255
319,319,0,255
320,320,0,255
321,321,0,255
322,322,0,255
323,323,0,255
324,324,0,255
325,325,0,255
326,326,0,255
327,327,0,255
328,328,0,255
329,329,0,255
330,330,0,255
331,331,0,255
332,332,0,255
333,333,0,255
334,334,0,255
335,335,0,255
336,336,0,255
337,337,0,255
338,338,0,255
339,339,0,255
340,340,0,255
341,341,0,255
342,342,0,255
343,343,0,255
344,344,0,255
345,345,0,255
346,346,0,255
347,347,0,255
348,348,0,255
349,349,0,255
350,350,0,255
351,351,0,255
352,352,0,255
353,353,0,255
354,354,0,255
355,355,0,255
356,356,0,255
357,357,0,255
358,358,0,255
359,359,0,255
360,360,0,255
361,361,0,255
362,362,0,255
363,363,0,255
364,364,0,255
365,365,0,255
366,366,0,255
367,367,0,255
368,368,0,255
369,369,0,255
370,370,0,255
371,371,0,255
372,372,0,255
373,373,0,255
374,374,0,255
375,375,0,255
376,376,0,255
377,377,0,255
378,378,0,255
379,379,0,255
380,380,0,255
381,381,0,255
382,382,0,255
383,383,0,255
384,384,0,255
385,385,0,255
386,386,0,255
387,387,0,255
388,388,0,255
389,389,0,255
390,390,0,255
391,391,0,255
392,392,0,255
393,393,0,255
394,394,0,255
395,395,0,255
396,396,0,255
397,397,0,255
398,398,0,255
399,399,0,255
400,400,0,255
401,401,0,255
402,402,0,255
403,403,0,255
404,404,0,255
405,405,0,255
406,406,0,255
407,407,0,255
408,408,0,255
409,409,0,255
410,410,0,255
411,411,0,255
412,412,0,255
413,413,0,255
414,414,0,254
415,415,0,254
416,416,0,254
417,417,0,254
418,418,0,255
419,419,0,255
420,420,0,255
421,421,0,255
422,422,0,255
423,423,0,255
424,424,0,255
425,425,0,255
426,426,0,255
427,427,0,255
428,428,0,255
429,429,0,255
430,430,0,255
431,431,0,255
432,432,0,255
433,433,0,255
434,434,0,255
435,435,0,255
436,436,0,255
437,437,0,255
438,438,0,255
439,439,0,255
440,440,0,255
441,441,0,255
442,442,0,255
443,443,0,255
444,444,0,254
445,445,0,254
446,446,0,255
447,447,0,255
448,448,0,255
449,449,0,255
450,450,0,254
451,451,0,255
452,452,0,255
453,453,0,255
454,454,0,255
455,455,0,255
456,456,0,255
457,457,0,255
458,458,0,255
459,459,0,255
460,460,0,255
461,461,0,255
462,462,0,255
463,463,0,255
464,464,0,255
465,465,0,255
466,466,0,255
467,467,0,255
468,468,0,255
469,469,0,255
470,470,0,255
471,471,0,255
472,472,0,255
473,473,0,255
474,474,0,255
475,475,0,254
476,476,0,255
477,477,0,254
478,478,0,240
479,479,0,239
480,480,0,240
481,481,0,241
482,482,0,254
483,483,0,254
484,484,0,254
485,485,0,255
486,486,0,255
487,487,0,255
488,488,0,255
489,489,0,255
490,490,0,255
491,491,0,255
492,492,0,255
493,493,0,255
494,494,0,255
495,495,0,255
496,496,0,255
497,497,0,255
498,498,0,255
499,499,0,255
500,500,0,255
501,501,0,255
502,502,0,255
503,503,0,255
504,504,0,255
505,505,0,254
506,506,0,254
507,507,0,253
508,508,0,244
509,509,0,225
510,510,0,54
511,511,0,38
512,512,0,36
513,513,0,52
514,514,0,227
515,515,0,255
516,516,0,254
517,517,0,254
518,518,0,255
519,519,0,255
520,520,0,255
521,521,0,255
522,522,0,255
523,523,0,255
524,524,0,255
525,525,0,255
526,526,0,255
527,527,0,255
528,528,0,255
529,529,0,255
530,530,0,255
531,531,0,255
532,532,0,255
533,533,0,255
534,534,0,255
535,535,0,254
536,536,0,254
537,537,0,254
538,538,0,255
539,539,0,227
540,540,0,54
541,541,0,38
542,542,0,43
543,543,0,43
544,544,0,55
545,545,0,47
546,546,0,55
547,547,0,225
548,548,0,244
549,549,0,253
550,550,0,255
551,551,0,255
552,552,0,255
553,553,0,255
554,554,0,255
555,555,0,255
556,556,0,255
557,557,0,255
558,558,0,255
559,559,0,255
560,560,0,255
561,561,0,255
562,562,0,255
563,563,0,255
564,564,0,255
565,565,0,255
566,566,0,254
567,567,0,255
568,568,0,253
569,569,0,243
570,570,0,224
571,571,0,54
572,572,0,39
573,573,0,44
574,574,0,46
575,575,0,57
576,576,0,169
577,577,0,178
578,578,0,52
579,579,0,37
580,580,0,57
581,581,0,228
582,582,0,255
583,583,0,254
584,584,0,255
585,585,0,255
586,586,0,255
587,587,0,255
588,588,0,255
589,589,0,255
590,590,0,255
591,591,0,255
592,592,0,255
593,593,0,255
594,594,0,255
595,595,0,255
596,596,0,255
597,597,0,254
598,598,0,253
599,599,0,243
600,600,0,224
601,601,0,57
602,602,0,37
603,603,0,23
604,604,0,46
605,605,0,50
606,606,0,48
607,607,0,46
608,608,0,70
609,609,0,168
610,610,0,61
611,611,0,36
612,612,0,33
613,613,0,51
614,614,0,240
615,615,0,255
616,616,0,254
617,617,0,255
618,618,0,255
619,619,0,255
620,620,0,255
621,621,0,255
622,622,0,255
623,623,0,255
624,624,0,255
625,625,0,255
626,626,0,255
627,627,0,255
628,628,0,254
629,629,0,255
630,630,0,226
631,631,0,55
632,632,0,41
633,633,0,72
634,634,0,70
635,635,0,31
636,636,0,26
637,637,0,45
638,638,0,48
639,639,0,47
640,640,0,46
641,641,0,55
642,642,0,43
643,643,0,44
644,644,0,39
645,645,0,51
646,646,0,240
647,647,0,255
648,648,0,254
649,649,0,255
650,650,0,255
651,651,0,255
652,652,0,255
653,653,0,255
654,654,0,255
655,655,0,255
656,656,0,255
657,657,0,255
658,658,0,255
659,659,0,254
660,660,0,255
661,661,0,226
662,662,0,58
663,663,0,67
664,664,0,74
665,665,0,81
666,666,0,83
667,667,0,73
668,668,0,30
669,669,0,27
670,670,0,47
671,671,0,49
672,672,0,49
673,673,0,41
674,674,0,54
675,675,0,226
676,676,0,242
677,677,0,240
678,678,0,254
679,679,0,255
680,680,0,255
681,681,0,255
682,682,0,255
683,683,0,255
684,684,0,255
685,685,0,255
686,686,0,255
687,687,0,255
688,688,0,255
689,689,0,255
690,690,0,254
691,691,0,255
692,692,0,226
693,693,0,58
694,694,0,67
695,695,0,83
696,696,0,82
697,697,0,80
698,698,0,80
699,699,0,82
700,700,0,72
701,701,0,29
702,702,0,45
703,703,0,50
704,704,0,43
705,705,0,42
706,706,0,225
707,707,0,255
708,708,0,254
709,709,0,255
710,710,0,255
711,711,0,255
712,712,0,255
713,713,0,255
714,714,0,255
715,715,0,255
716,716,0,255
717,717,0,255
718,718,0,255
719,719,0,255
720,720,0,255
721,721,0,254
722,722,0,255
723,723,0,226
724,724,0,58
725,725,0,67
726,726,0,83
727,727,0,79
728,728,0,79
729,729,0,80
730,730,0,80
731,731,0,82
732,732,0,78
733,733,0,30
734,734,0,45
735,735,0,50
736,736,0,42
737,737,0,38
738,738,0,239
739,739,0,255
740,740,0,253
741,741,0,254
742,742,0,255
743,743,0,255
744,744,0,255
745,745,0,255
746,746,0,255
747,747,0,255
748,748,0,255
749,749,0,255
750,750,0,255
751,751,0,255
752,752,0,254
753,753,0,255
754,754,0,226
755,755,0,58
756,756,0,67
757,757,0,83
758,758,0,81
759,759,0,81
760,760,0,81
761,761,0,81
762,762,0,80
763,763,0,77
764,764,0,72
765,765,0,31
766,766,0,46
767,767,0,50
768,768,0,43
769,769,0,55
770,770,0,240
771,771,0,255
772,772,0,254
773,773,0,255
774,774,0,255
775,775,0,255
776,776,0,255
777,777,0,255
778,778,0,255
779,779,0,255
780,780,0,255
781,781,0,255
782,782,0,255
783,783,0,254
784,784,0,255
785,785,0,226
786,786,0,58
787,787,0,67
788,788,0,83
789,789,0,81
790,790,0,76
791,791,0,75
792,792,0,75
793,793,0,76
794,794,0,72
795,795,0,31
796,796,0,29
797,797,0,45
798,798,0,50
799,799,0,43
800,800,0,38
801,801,0,225
802,802,0,255
803,803,0,254
804,804,0,255
805,805,0,255
806,806,0,255
807,807,0,255
808,808,0,255
809,809,0,255
810,810,0,255
811,811,0,255
812,812,0,255
813,813,0,255
814,814,0,254
815,815,0,255
816,816,0,227
817,817,0,58
818,818,0,67
819,819,0,83
820,820,0,82
821,821,0,73
822,822,0,31
823,823,0,31
824,824,0,32
825,825,0,31
826,826,0,32
827,827,0,25
828,828,0,43
829,829,0,48
830,830,0,49
831,831,0,39
832,832,0,54
833,833,0,240
834,834,0,255
835,835,0,254
836,836,0,255
837,837,0,255
838,838,0,255
839,839,0,255
840,840,0,255
841,841,0,255
842,842,0,255
843,843,0,255
844,844,0,255
845,845,0,254
846,846,0,255
847,847,0,240
848,848,0,52
849,849,0,67
850,850,0,84
851,851,0,82
852,852,0,73
853,853,0,29
854,854,0,29
855,855,0,72
856,856,0,76
857,857,0,76
858,858,0,68
859,859,0,30
860,860,0,47
861,861,0,50
862,862,0,39
863,863,0,54
864,864,0,228
865,865,0,255
866,866,0,254
867,867,0,255
868,868,0,255
869,869,0,255
870,870,0,255
871,871,0,255
872,872,0,255
873,873,0,255
874,874,0,255
875,875,0,255
876,876,0,255
877,877,0,254
878,878,0,255
879,879,0,239
880,880,0,57
881,881,0,70
882,882,0,78
883,883,0,72
884,884,0,30
885,885,0,29
886,886,0,73
887,887,0,81
888,888,0,82
889,889,0,74
890,890,0,35
891,891,0,45
892,892,0,50
893,893,0,39
894,894,0,54
895,895,0,227
896,896,0,255
897,897,0,254
898,898,0,255
899,899,0,255
900,900,0,255
901,901,0,255
902,902,0,255
903,903,0,255
904,904,0,255
905,905,0,255
906,906,0,255
907,907,0,255
908,908,0,255
909,909,0,255
910,910,0,254
911,911,0,255
912,912,0,213
913,913,0,43
914,914,0,28
915,915,0,32
916,916,0,26
917,917,0,72
918,918,0,82
919,919,0,81
920,920,0,73
921,921,0,33
922,922,0,44
923,923,0,51
924,924,0,39
925,925,0,54
926,926,0,227
927,927,0,255
928,928,0,254
929,929,0,255
930,930,0,255
931,931,0,255
932,932,0,255
933,933,0,255
934,934,0,255
935,935,0,255
936,936,0,255
937,937,0,255
938,938,0,255
939,939,0,255
940,940,0,255
941,941,0,254
942,942,0,255
943,943,0,226
944,944,0,61
945,945,0,70
946,946,0,78
947,947,0,67
948,948,0,34
949,949,0,77
950,950,0,83
951,951,0,73
952,952,0,33
953,953,0,44
954,954,0,50
955,955,0,38
956,956,0,54
957,957,0,227
958,958,0,255
959,959,0,254
960,960,0,255
961,961,0,255
962,962,0,255
963,963,0,255
964,964,0,255
965,965,0,255
966,966,0,255
967,967,0,255
968,968,0,255
969,969,0,255
970,970,0,255
971,971,0,255
972,972,0,254
973,973,0,255
974,974,0,226
975,975,0,58
976,976,0,68
977,977,0,84
978,978,0,74
979,979,0,39
980,980,0,72
981,981,0,80
982,982,0,74
983,983,0,35
984,984,0,44
985,985,0,50
986,986,0,43
987,987,0,58
988,988,0,226
989,989,0,255
990,990,0,254
991,991,0,255
992,992,0,255
993,993,0,255
994,994,0,255
995,995,0,255
996,996,0,255
997,997,0,255
998,998,0,255
999,999,0,255
1000,1000,0,255
1001,1001,0,255
1002,1002,0,255
1003,1003,0,254
1004,1004,0,255
1005,1005,0,227
1006,1006,0,60
1007,1007,0,69
1008,1008,0,76
1009,1009,0,67
1010,1010,0,34
1011,1011,0,71
1012,1012,0,83
1013,1013,0,78
1014,1014,0,29
1015,1015,0,38
1016,1016,0,48
1017,1017,0,41
1018,1018,0,40
1019,1019,0,212
1020,1020,0,255
1021,1021,0,254
1022,1022,0,255
1023,1023,0,255
1024,1024,0,255
1025,1025,0,255
1026,1026,0,255
1027,1027,0,255
1028,1028,0,255
1029,1029,0,255
1030,1030,0,255
1031,1031,0,255
1032,1032,0,255
1033,1033,0,255
1034,1034,0,254
1035,1035,0,255
1036,1036,0,222
1037,1037,0,51
1038,1038,0,60
1039,1039,0,72
1040,1040,0,46
1041,1041,0,43
1042,1042,0,28
1043,1043,0,77
1044,1044,0,83
1045,1045,0,70
1046,1046,0,42
1047,1047,0,40
1048,1048,0,27
1049,1049,0,27
1050,1050,0,23
1051,1051,0,56
1052,1052,0,227
1053,1053,0,255
1054,1054,0,254
1055,1055,0,255
1056,1056,0,255
1057,1057,0,255
1058,1058,0,255
1059,1059,0,255
1060,1060,0,255
1061,1061,0,255
1062,1062,0,255
1063,1063,0,255
1064,1064,0,255
1065,1065,0,254
1066,1066,0,255
1067,1067,0,242
1068,1068,0,67
1069,1069,0,35
1070,1070,0,41
1071,1071,0,56
1072,1072,0,227
1073,1073,0,213
1074,1074,0,44
1075,1075,0,76
1076,1076,0,69
1077,1077,0,57
1078,1078,0,230
1079,1079,0,228
1080,1080,0,38
1081,1081,0,17
1082,1082,0,22
1083,1083,0,17
1084,1084,0,50
1085,1085,0,241
1086,1086,0,255
1087,1087,0,254
1088,1088,0,255
1089,1089,0,255
1090,1090,0,255
1091,1091,0,255
1092,1092,0,255
1093,1093,0,255
1094,1094,0,255
1095,1095,0,255
1096,1096,0,255
1097,1097,0,255
1098,1098,0,255
1099,1099,0,254
1100,1100,0,237
1101,1101,0,239
1102,1102,0,237
1103,1103,0,243
1104,1104,0,239
1105,1105,0,62
1106,1106,0,73
1107,1107,0,69
1108,1108,0,58
1109,1109,0,224
1110,1110,0,255
1111,1111,0,238
1112,1112,0,37
1113,1113,0,35
1114,1114,0,41
1115,1115,0,19
1116,1116,0,49
1117,1117,0,241
1118,1118,0,255
1119,1119,0,254
1120,1120,0,255
1121,1121,0,255
1122,1122,0,255
1123,1123,0,255
1124,1124,0,255
1125,1125,0,255
1126,1126,0,255
1127,1127,0,255
1128,1128,0,255
1129,1129,0,255
1130,1130,0,255
1131,1131,0,255
1132,1132,0,255
1133,1133,0,255
1134,1134,0,254
1135,1135,0,255
1136,1136,0,237
1137,1137,0,36
1138,1138,0,60
1139,1139,0,60
1140,1140,0,225
1141,1141,0,255
1142,1142,0,255
1143,1143,0,236
1144,1144,0,67
1145,1145,0,226
1146,1146,0,227
1147,1147,0,66
1148,1148,0,224
1149,1149,0,255
1150,1150,0,254
1151,1151,0,255
1152,1152,0,255
1153,1153,0,255
1154,1154,0,255
1155,1155,0,255
1156,1156,0,255
1157,1157,0,255
1158,1158,0,255
1159,1159,0,255
1160,1160,0,255
1161,1161,0,255
1162,1162,0,255
1163,1163,0,255
1164,1164,0,254
1165,1165,0,254
1166,1166,0,253
1167,1167,0,255
1168,1168,0,241
1169,1169,0,52
1170,1170,0,52
1171,1171,0,227
1172,1172,0,255
1173,1173,0,253
1174,1174,0,255
1175,1175,0,254
1176,1176,0,241
1177,1177,0,254
1178,1178,0,254
1179,1179,0,241
1180,1180,0,254
1181,1181,0,255
1182,1182,0,255
1183,1183,0,255
1184,1184,0,255
1185,1185,0,255
1186,1186,0,255
1187,1187,0,255
1188,1188,0,255
1189,1189,0,255
1190,1190,0,255
1191,1191,0,255
1192,1192,0,255
1193,1193,0,255
1194,1194,0,255
1195,1195,0,255
1196,1196,0,255
1197,1197,0,255
1198,1198,0,255
1199,1199,0,255
1200,1200,0,254
1201,1201,0,240
1202,1202,0,239
1203,1203,0,254
1204,1204,0,254
1205,1205,0,255
1206,1206,0,255
1207,1207,0,255
1208,1208,0,255
1209,1209,0,254
1210,1210,0,254
1211,1211,0,255
1212,1212,0,254
1213,1213,0,255
1214,1214,0,255
1215,1215,0,255
1216,1216,0,255
1217,1217,0,255
1218,1218,0,255
1219,1219,0,255
1220,1220,0,255
1221,1221,0,255
1222,1222,0,255
1223,1223,0,255
1224,1224,0,255
1225,1225,0,255
1226,1226,0,255
1227,1227,0,255
1228,1228,0,255
1229,1229,0,255
1230,1230,0,255
1231,1231,0,255
1232,1232,0,255
1233,1233,0,255
1234,1234,0,255
1235,1235,0,254
1236,1236,0,255
1237,1237,0,255
1238,1238,0,255
1239,1239,0,255
1240,1240,0,254
1241,1241,0,255
1242,1242,0,255
1243,1243,0,254
1244,1244,0,255
1245,1245,0,255
1246,1246,0,255
1247,1247,0,255
1248,1248,0,255
1249,1249,0,255
1250,1250,0,255
1251,1251,0,255
1252,1252,0,255
1253,1253,0,255
1254,1254,0,255
1255,1255,0,255
1256,1256,0,255
1257,1257,0,255
1258,1258,0,255
1259,1259,0,255
1260,1260,0,255
1261,1261,0,255
1262,1262,0,255
1263,1263,0,255
1264,1264,0,255
1265,1265,0,254
1266,1266,0,254
1267,1267,0,255
1268,1268,0,255
1269,1269,0,255
1270,1270,0,255
1271,1271,0,255
1272,1272,0,255
1273,1273,0,255
1274,1274,0,255
1275,1275,0,255
1276,1276,0,255
1277,1277,0,255
1278,1278,0,255
1279,1279,0,255
1280,1280,0,255
1281,1281,0,255
1282,1282,0,255
1283,1283,0,255
1284,1284,0,255
1285,1285,0,255
1286,1286,0,255
1287,1287,0,255
1288,1288,0,255
1289,1289,0,255
1290,1290,0,255
1291,1291,0,255
1292,1292,0,255
1293,1293,0,255
1294,1294,0,255
1295,1295,0,255
1296,1296,0,255
1297,1297,0,255
1298,1298,0,255
1299,1299,0,255
1300,1300,0,255
1301,1301,0,255
1302,1302,0,255
1303,1303,0,255
1304,1304,0,255
1305,1305,0,255
1306,1306,0,255
1307,1307,0,255
1308,1308,0,255
1309,1309,0,255
1310,1310,0,255
1311,1311,0,255
1312,1312,0,255
1313,1313,0,255
1314,1314,0,255
1315,1315,0,255
1316,1316,0,255
1317,1317,0,255
1318,1318,0,255
1319,1319,0,255
1320,1320,0,255
1321,1321,0,255
1322,1322,0,255
1323,1323,0,255
1324,1324,0,255
1325,1325,0,255
1326,1326,0,255
1327,1327,0,255
1328,1328,0,255
1329,1329,0,255
1330,1330,0,255
1331,1331,0,255
1332,1332,0,255
1333,1333,0,255
1334,1334,0,255
1335,1335,0,255
1336,1336,0,255
1337,1337,0,255
1338,1338,0,255
1339,1339,0,255
1340,1340,0,255
1341,1341,0,255
1342,1342,0,255
1343,1343,0,255
1344,1344,0,255
1345,1345,0,255
1346,1346,0,255
1347,1347,0,255
1348,1348,0,255
1349,1349,0,255
1350,1350,0,255
1351,1351,0,255
1352,1352,0,255
1353,1353,0,255
1354,1354,0,255
1355,1355,0,255
1356,1356,0,255
1357,1357,0,255
1358,1358,0,255
1359,1359,0,255
1360,1360,0,255
1361,1361,0,255
1362,1362,0,255
1363,1363,0,255
1364,1364,0,255
1365,1365,0,255
1366,1366,0,255
1367,1367,0,255
1368,1368,0,255
1369,1369,0,255
1370,1370,0,255
1371,1371,0,255
1372,1372,0,255
1373,1373,0,255
1374,1374,0,255
1375,1375,0,255
1376,1376,0,255
1377,1377,0,255
1378,1378,0,255
1379,1379,0,255
1380,1380,0,255
1381,1381,0,255
1382,1382,0,255
1383,1383,0,255
1384,1384,0,255
1385,1385,0,255
1386,1386,0,255
1387,1387,0,255
1388,1388,0,255
1389,1389,0,255
1390,1390,0,255
1391,1391,0,255
1392,1392,0,255
1393,1393,0,255
1394,1394,0,255
1395,1395,0,255
1396,1396,0,255
1397,1397,0,255
1398,1398,0,255
1399,1399,0,255
1400,1400,0,255
1401,1401,0,255
1402,1402,0,255
1403,1403,0,255
1404,1404,0,255
1405,1405,0,255
1406,1406,0,255
1407,1407,0,255
1408,1408,0,255
1409,1409,0,255
1410,1410,0,255
1411,1411,0,255
1412,1412,0,255
1413,1413,0,255
1414,1414,0,255
1415,1415,0,255
1416,1416,0,255
1417,1417,0,255
1418,1418,0,255
1419,1419,0,255
1420,1420,0,255
1421,1421,0,255
1422,1422,0,255
1423,1423,0,255
1424,1424,0,255
1425,1425,0,255
1426,1426,0,255
1427,1427,0,255
1428,1428,0,255
1429,1429,0,255
1430,1430,0,255
1431,1431,0,255
1432,1432,0,255
1433,1433,0,255
1434,1434,0,255
1435,1435,0,255
1436,1436,0,255
1437,1437,0,255
1438,1438,0,254
1439,1439,0,254
1440,1440,0,254
1441,1441,0,254
1442,1442,0,255
1443,1443,0,255
1444,1444,0,255
1445,1445,0,255
1446,1446,0,255
1447,1447,0,255
1448,1448,0,255
1449,1449,0,255
1450,1450,0,255
1451,1451,0,255
1452,1452,0,255
1453,1453,0,255
1454,1454,0,255
1455,1455,0,255
1456,1456,0,255
1457,1457,0,255
1458,1458,0,255
1459,1459,0,255
1460,1460,0,255
1461,1461,0,255
1462,1462,0,255
1463,1463,0,255
1464,1464,0,255
1465,1465,0,255
1466,1466,0,255
1467,1467,0,255
1468,1468,0,254
1469,1469,0,254
1470,1470,0,255
1471,1471,0,255
1472,1472,0,255
1473,1473,0,255
1474,1474,0,254
1475,1475,0,255
1476,1476,0,255
1477,1477,0,255
1478,1478,0,255
1479,1479,0,255
1480,1480,0,255
1481,1481,0,255
1482,1482,0,255
1483,1483,0,255
1484,1484,0,255
1485,1485,0,255
1486,1486,0,255
1487,1487,0,255
1488,1488,0,255
1489,1489,0,255
1490,1490,0,255
1491,1491,0,255
1492,1492,0,255
1493,1493,0,255
1494,1494,0,255
1495,1495,0,255
1496,1496,0,255
1497,1497,0,255
1498,1498,0,255
1499,1499,0,254
1500,1500,0,255
1501,1501,0,254
1502,1502,0,240
1503,1503,0,239
1504,1504,0,240
1505,1505,0,241
1506,1506,0,254
1507,1507,0,254
1508,1508,0,254
1509,1509,0,255
1510,1510,0,255
1511,1511,0,255
1512,1512,0,255
1513,1513,0,255
1514,1514,0,255
1515,1515,0,255
1516,1516,0,255
1517,1517,0,255
1518,1518,0,255
1519,1519,0,255
1520,1520,0,255
1521,1521,0,255
1522,1522,0,255
1523,1523,0,255
1524,1524,0,255
1525,1525,0,255
1526,1526,0,255
1527,1527,0,255
1528,1528,0,255
1529,1529,0,254
1530,1530,0,254
1531,1531,0,253
1532,1532,0,244
1533,1533,0,225
1534,1534,0,54
1535,1535,0,38
1536,1536,0,36
1537,1537,0,52
1538,1538,0,227
1539,1539,0,255
1540,1540,0,254
1541,1541,0,254
1542,1542,0,255
1543,1543,0,255
1544,1544,0,255
1545,1545,0,255
1546,1546,0,255
1547,1547,0,255
1548,1548,0,255
1549,1549,0,255
1550,1550,0,255
1551,1551,0,255
1552,1552,0,255
1553,1553,0,255
1554,1554,0,255
1555,1555,0,255
1556,1556,0,255
1557,1557,0,255
1558,1558,0,255
1559,1559,0,254
1560,1560,0,254
1561,1561,0,254
1562,1562,0,255
1563,1563,0,227
1564,1564,0,54
1565,1565,0,38
1566,1566,0,43
1567,1567,0,43
1568,1568,0,55
1569,1569,0,47
1570,1570,0,55
1571,1571,0,225
1572,1572,0,244
1573,1573,0,253
1574,1574,0,255
1575,1575,0,255
1576,1576,0,255
1577,1577,0,255
1578,1578,0,255
1579,1579,0,255
1580,1580,0,255
1581,1581,0,255
1582,1582,0,255
1583,1583,0,255
1584,1584,0,255
1585,1585,0,255
1586,1586,0,255
1587,1587,0,255
1588,1588,0,255
1589,1589,0,255
1590,1590,0,254
1591,1591,0,255
1592,1592,0,253
1593,1593,0,243
1594,1594,0,224
1595,1595,0,54
1596,1596,0,39
1597,1597,0,44
1598,1598,0,46
1599,1599,0,57
1600,1600,0,169
1601,1601,0,178
1602,1602,0,52
1603,1603,0,37
1604,1604,0,57
1605,1605,0,228
1606,1606,0,255
1607,1607,0,254
1608,1608,0,255
1609,1609,0,255
1610,1610,0,255
1611,1611,0,255
1612,1612,0,255
1613,1613,0,255
1614,1614,0,255
1615,1615,0,255
1616,1616,0,255
1617,1617,0,255
1618,1618,0,255
1619,1619,0,255
1620,1620,0,255
1621,1621,0,254
1622,1622,0,253
1623,1623,0,243
1624,1624,0,224
1625,1625,0,57
1626,1626,0,37
1627,1627,0,23
1628,1628,0,46
1629,1629,0,50
1630,1630,0,48
1631,1631,0,46
1632,1632,0,70
1633,1633,0,168
1634,1634,0,61
1635,1635,0,36
1636,1636,0,33
1637,1637,0,51
1638,1638,0,240
1639,1639,0,255
1640,1640,0,254
1641,1641,0,255
1642,1642,0,255
1643,1643,0,255
1644,1644,0,255
1645,1645,0,255
1646,1646,0,255
1647,1647,0,255
1648,1648,0,255
1649,1649,0,255
1650,1650,0,255
1651,1651,0,255
1652,1652,0,254
1653,1653,0,255
1654,1654,0,226
1655,1655,0,55
1656,1656,0,41
1657,1657,0,72
1658,1658,0,70
1659,1659,0,31
1660,1660,0,26
1661,1661,0,45
1662,1662,0,48
1663,1663,0,47
1664,1664,0,46
1665,1665,0,55
1666,1666,0,43
1667,1667,0,44
1668,1668,0,39
1669,1669,0,51
1670,1670,0,240
1671,1671,0,255
1672,1672,0,254
1673,1673,0,255
1674,1674,0,255
1675,1675,0,255
1676,1676,0,255
1677,1677,0,255
1678,1678,0,255
1679,1679,0,255
1680,1680,0,255
1681,1681,0,255
1682,1682,0,255
1683,1683,0,254
1684,1684,0,255
1685,1685,0,226
1686,1686,0,58
1687,1687,0,67
1688,1688,0,74
1689,1689,0,81
1690,1690,0,83
1691,1691,0,73
1692,1692,0,30
1693,1693,0,27
1694,1694,0,47
1695,1695,0,49
1696,1696,0,49
1697,1697,0,41
1698,1698,0,54
1699,1699,0,226
1700,1700,0,242
1701,1701,0,240
1702,1702,0,254
1703,1703,0,255
1704,1704,0,255
1705,1705,0,255
1706,1706,0,255
1707,1707,0,255
1708,1708,0,255
1709,1709,0,255
1710,1710,0,255
1711,1711,0,255
1712,1712,0,255
1713,1713,0,255
1714,1714,0,254
1715,1715,0,255
1716,1716,0,226
1717,1717,0,58
1718,1718,0,67
1719,1719,0,83
1720,1720,0,82
1721,1721,0,80
1722,1722,0,80
1723,1723,0,82
1724,1724,0,72
1725,1725,0,29
1726,1726,0,45
1727,1727,0,50
1728,1728,0,43
1729,1729,0,42
1730,1730,0,225
1731,1731,0,255
1732,1732,0,254
1733,1733,0,255
1734,1734,0,255
1735,1735,0,255
1736,1736,0,255
1737,1737,0,255
1738,1738,0,255
1739,1739,0,255
1740,1740,0,255
1741,1741,0,255
1742,1742,0,255
1743,1743,0,255
1744,1744,0,255
1745,1745,0,254
1746,1746,0,255
1747,1747,0,226
1748,1748,0,58
1749,1749,0,67
1750,1750,0,83
1751,1751,0,79
1752,1752,0,79
1753,1753,0,80
1754,1754,0,80
1755,1755,0,82
1756,1756,0,78
1757,1757,0,30
1758,1758,0,45
1759,1759,0,50
1760,1760,0,42
1761,1761,0,38
1762,1762,0,239
1763,1763,0,255
1764,1764,0,253
1765,1765,0,254
1766,1766,0,255
1767,1767,0,255
1768,1768,0,255
1769,1769,0,255
1770,1770,0,255
1771,1771,0,255
1772,1772,0,255
1773,1773,0,255
1774,1774,0,255
1775,1775,0,255
1776,1776,0,254
1777,1777,0,255
1778,1778,0,226
1779,1779,0,58
1780,1780,0,67
1781,1781,0,83
1782,1782,0,81
1783,1783,0,81
1784,1784,0,81
1785,1785,0,81
1786,1786,0,80
1787,1787,0,77
1788,1788,0,72
1789,1789,0,31
1790,1790,0,46
1791,1791,0,50
1792,1792,0,43
1793,1793,0,55
1794,1794,0,240
1795,1795,0,255
1796,1796,0,254
1797,1797,0,255
1798,1798,0,255
1799,1799,0,255
1800,1800,0,255
1801,1801,0,255
1802,1802,0,255
1803,1803,0,255
1804,1804,0,255
1805,1805,0,255
1806,1806,0,255
1807,1807,0,254
1808,1808,0,255
1809,1809,0,226
1810,1810,0,58
1811,1811,0,67
1812,1812,0,83
1813,1813,0,81
1814,1814,0,76
1815,1815,0,75
1816,1816,0,75
1817,1817,0,76
1818,1818,0,72
1819,1819,0,31
1820,1820,0,29
1821,1821,0,45
1822,1822,0,50
1823,1823,0,43
1824,1824,0,38
1825,1825,0,225
1826,1826,0,255
1827,1827,0,254
1828,1828,0,255
1829,1829,0,255
1830,1830,0,255
1831,1831,0,255
1832,1832,0,255
1833,1833,0,255
1834,1834,0,255
1835,1835,0,255
1836,1836,0,255
1837,1837,0,255
1838,1838,0,254
1839,1839,0,255
1840,1840,0,227
1841,1841,0,58
1842,1842,0,67
1843,1843,0,83
1844,1844,0,82
1845,1845,0,73
1846,1846,0,31
1847,1847,0,31
1848,1848,0,32
1849,1849,0,31
1850,1850,0,32
1851,1851,0,25
1852,1852,0,43
1853,1853,0,48
1854,1854,0,49
1855,1855,0,39
1856,1856,0,54
1857,1857,0,240
1858,1858,0,255
1859,1859,0,254
1860,1860,0,255
1861,1861,0,255
1862,1862,0,255
1863,1863,0,255
1864,1864,0,255
1865,1865,0,255
1866,1866,0,255
1867,1867,0,255
1868,1868,0,255
1869,1869,0,254
1870,1870,0,255
1871,1871,0,240
1872,1872,0,52
1873,1873,0,67
1874,1874,0,84
1875,1875,0,82
1876,1876,0,73
1877,1877,0,29
1878,1878,0,29
1879,1879,0,72
1880,1880,0,76
1881,1881,0,76
1882,1882,0,68
1883,1883,0,30
1884,1884,0,47
1885,1885,0,50
1886,1886,0,39
1887,1887,0,54
1888,1888,0,228
1889,1889,0,255
1890,1890,0,254
1891,1891,0,255
1892,1892,0,255
1893,1893,0,255
1894,1894,0,255
1895,1895,0,255
1896,1896,0,255
1897,1897,0,255
1898,1898,0,255
1899,1899,0,255
1900,1900,0,255
1901,1901,0,254
1902,1902,0,255
1903,1903,0,239
1904,1904,0,57
1905,1905,0,70
1906,1906,0,78
1907,1907,0,72
1908,1908,0,30
1909,1909,0,29
1910,1910,0,73
1911,1911,0,81
1912,1912,0,82
1913,1913,0,74
1914,1914,0,35
1915,1915,0,45
1916,1916,0,50
1917,1917,0,39
1918,1918,0,54
1919,1919,0,227
1920,1920,0,255
1921,1921,0,254
1922,1922,0,255
1923,1923,0,255
1924,1924,0,255
1925,1925,0,255
1926,1926,0,255
1927,1927,0,255
1928,1928,0,255
1929,1929,0,255
1930,1930,0,255
1931,1931,0,255
1932,1932,0,255
1933,1933,0,255
1934,1934,0,254
1935,1935,0,255
1936,1936,0,213
1937,1937,0,43
1938,1938,0,28
1939,1939,0,32
1940,1940,0,26
1941,1941,0,72
1942,1942,0,82
1943,1943,0,81
1944,1944,0,73
1945,1945,0,33
1946,1946,0,44
1947,1947,0,51
1948,1948,0,39
1949,1949,0,54
1950,1950,0,227
1951,1951,0,255
1952,1952,0,254
1953,1953,0,255
1954,1954,0,255
1955,1955,0,255
1956,1956,0,255
1957,1957,0,255
1958,1958,0,255
1959,1959,0,255
1960,1960,0,255
1961,1961,0,255
1962,1962,0,255
1963,1963,0,255
1964,1964,0,255
1965,1965,0,254
1966,1966,0,255
1967,1967,0,226
1968,1968,0,61
1969,1969,0,70
1970,1970,0,78
1971,1971,0,67
1972,1972,0,34
1973,1973,0,77
1974,1974,0,83
1975,1975,0,73
1976,1976,0,33
1977,1977,0,44
1978,1978,0,50
1979,1979,0,38
1980,1980,0,54
1981,1981,0,227
1982,1982,0,255
1983,1983,0,254
1984,1984,0,255
1985,1985,0,255
1986,1986,0,255
1987,1987,0,255
1988,1988,0,255
1989,1989,0,255
1990,1990,0,255
1991,1991,0,255
1992,1992,0,255
1993,1993,0,255
1994,1994,0,255
1995,1995,0,255
1996,1996,0,254
1997,1997,0,255
1998,1998,0,226
1999,1999,0,58
2000,2000,0,68
2001,2001,0,84
2002,2002,0,74
2003,2003,0,39
2004,2004,0,72
2005,2005,0,80
2006,2006,0,74
2007,2007,0,35
2008,2008,0,44
2009,2009,0,50
2010,2010,0,43
2011,2011,0,58
2012,2012,0,226
2013,2013,0,255
2014,2014,0,254
2015,2015,0,255
2016,2016,0,255
2017,2017,0,255
2018,2018,0,255
2019,2019,0,255
2020,2020,0,255
2021,2021,0,255
2022,2022,0,255
2023,2023,0,255
2024,2024,0,255
2025,2025,0,255
2026,2026,0,255
2027,2027,0,254
2028,2028,0,255
2029,2029,0,227
2030,2030,0,60
2031,2031,0,69
2032,2032,0,76
2033,2033,0,67
2034,2034,0,34
2035,2035,0,71
2036,2036,0,83
2037,2037,0,78
2038,2038,0,29
2039,2039,0,38
2040,2040,0,48
2041,2041,0,41
2042,2042,0,40
2043,2043,0,212
2044,2044,0,255
2045,2045,0,254
2046,2046,0,255
2047,2047,0,255
2048,2048,1,255
2049,2049,0,255
2050,2050,0,255
2051,2051,0,255
2052,2052,0,255
2053,2053,0,255
2054,2054,0,255
2055,2055,0,255
2056,2056,0,255
2057,2057,0,255
2058,2058,0,254
2059,2059,0,255
2060,2060,0,222
2061,2061,0,51
2062,2062,0,60
2063,2063,0,72
2064,2064,0,46
2065,2065,0,43
2066,2066,0,28
2067,2067,0,77
2068,2068,0,83
2069,2069,0,70
2070,2070,0,42
2071,2071,0,40
2072,2072,0,27
2073,2073,0,27
2074,2074,0,23
2075,2075,0,56
2076,2076,0,227
2077,2077,0,255
2078,2078,0,254
2079,2079,0,255
2080,2080,0,255
2081,2081,0,255
2082,2082,0,255
2083,2083,0,255
2084,2084,0,255
2085,2085,0,255
2086,2086,0,255
2087,2087,0,255
2088,2088,0,255
2089,2089,0,254
2090,2090,0,255
2091,2091,0,242
2092,2092,0,67
2093,2093,0,35
2094,2094,0,41
2095,2095,0,56
2096,2096,0,227
2097,2097,0,213
2098,2098,0,44
2099,2099,0,76
2100,2100,0,69
2101,2101,0,57
2102,2102,0,230
2103,2103,0,228
2104,2104,0,38
2105,2105,0,17
2106,2106,0,22
2107,2107,0,17
2108,2108,0,50
2109,2109,0,241
2110,2110,0,255
2111,2111,0,254
2112,2112,0,255
2113,2113,0,255
2114,2114,0,255
2115,2115,0,255
2116,2116,0,255
2117,2117,0,255
2118,2118,0,255
2119,2119,0,255
2120,2120,0,255
2121,2121,0,255
2122,2122,0,255
2123,2123,0,254
2124,2124,0,237
2125,2125,0,239
2126,2126,0,237
2127,2127,0,243
2128,2128,0,239
2129,2129,0,62
2130,2130,0,73
2131,2131,0,69
2132,2132,0,58
2133,2133,0,224
2134,2134,0,255
2135,2135,0,238
2136,2136,0,37
2137,2137,0,35
2138,2138,0,41
2139,2139,0,19
2140,2140,0,49
2141,2141,0,241
2142,2142,0,255
2143,2143,0,254
2144,2144,0,255
2145,2145,0,255
2146,2146,0,255
2147,2147,0,255
2148,2148,0,255
2149,2149,0,255
2150,2150,0,255
2151,2151,0,255
2152,2152,0,255
2153,2153,0,255
2154,2154,0,255
2155,2155,0,255
2156,2156,0,255
2157,2157,0,255
2158,2158,0,254
2159,2159,0,255
2160,2160,0,237
2161,2161,0,36
2162,2162,0,60
2163,2163,0,60
2164,2164,0,225
2165,2165,0,255
2166,2166,0,255
2167,2167,0,236
2168,2168,0,67
2169,2169,0,226
2170,2170,0,227
2171,2171,0,66
2172,2172,0,224
2173,2173,0,255
2174,2174,0,254
2175,2175,0,255
2176,2176,0,255
2177,2177,0,255
2178,2178,0,255
2179,2179,0,255
2180,2180,0,255
2181,2181,0,255
2182,2182,0,255
2183,2183,0,255
2184,2184,0,255
2185,2185,0,255
2186,2186,0,255
2187,2187,0,255
2188,2188,0,254
2189,2189,0,254
2190,2190,0,253
2191,2191,0,255
2192,2192,0,241
2193,2193,0,52
2194,2194,0,52
2195,2195,0,227
2196,2196,0,255
2197,2197,0,253
2198,2198,0,255
2199,2199,0,254
2200,2200,0,241
2201,2201,0,254
2202,2202,0,254
2203,2203,0,241
2204,2204,0,254
2205,2205,0,255
2206,2206,0,255
2207,2207,0,255
2208,2208,0,255
2209,2209,0,255
2210,2210,0,255
2211,2211,0,255
2212,2212,0,255
2213,2213,0,255
2214,2214,0,255
2215,2215,0,255
2216,2216,0,255
2217,2217,0,255
2218,2218,0,255
2219,2219,0,255
2220,2220,0,255
2221,2221,0,255
2222,2222,0,255
2223,2223,0,255
2224,2224,0,254
2225,2225,0,240
2226,2226,0,239
2227,2227,0,254
2228,2228,0,254
2229,2229,0,255
2230,2230,0,255
2231,2231,0,255
2232,2232,0,255
2233,2233,0,254
2234,2234,0,254
2235,2235,0,255
2236,2236,0,254
2237,2237,0,255
2238,2238,0,255
2239,2239,0,255
2240,2240,0,255
2241,2241,0,255
2242,2242,0,255
2243,2243,0,255
2244,2244,0,255
2245,2245,0,255
2246,2246,0,255
2247,2247,0,255
2248,2248,0,255
2249,2249,0,255
2250,2250,0,255
2251,2251,0,255
2252,2252,0,255
2253,2253,0,255
2254,2254,0,255
2255,2255,0,255
2256,2256,0,255
2257,2257,0,255
2258,2258,0,255
2259,2259,0,254
2260,2260,0,255
2261,2261,0,255
2262,2262,0,255
2263,2263,0,255
2264,2264,0,254
2265,2265,0,255
2266,2266,0,255
2267,2267,0,254
2268,2268,0,255
2269,2269,0,255
2270,2270,0,255
2271,2271,0,255
2272,2272,0,255
2273,2273,0,255
2274,2274,0,255
2275,2275,0,255
2276,2276,0,255
2277,2277,0,255
2278,2278,0,255
2279,2279,0,255
2280,2280,0,255
2281,2281,0,255
2282,2282,0,255
2283,2283,0,255
2284,2284,0,255
2285,2285,0,255
2286,2286,0,255
2287,2287,0,255
2288,2288,0,255
2289,2289,0,254
2290,2290,0,254
2291,2291,0,255
2292,2292,0,255
2293,2293,0,255
2294,2294,0,255
2295,2295,0,255
2296,2296,0,255
2297,2297,0,255
2298,2298,0,255
2299,2299,0,255
2300,2300,0,255
2301,2301,0,255
2302,2302,0,255
2303,2303,0,255
2304,2304,0,255
2305,2305,0,255
2306,2306,0,255
2307,2307,0,255
2308,2308,0,255
2309,2309,0,255
2310,2310,0,255
2311,2311,0,255
2312,2312,0,255
2313,2313,0,255
2314,2314,0,255
2315,2315,0,255
2316,2316,0,255
2317,2317,0,255
2318,2318,0,255
2319,2319,0,255
2320,2320,0,255
2321,2321,0,255
2322,2322,0,255
2323,2323,0,255
2324,2324,0,255
2325,2325,0,255
2326,2326,0,255
2327,2327,0,255
2328,2328,0,255
2329,2329,0,255
2330,2330,0,255
2331,2331,0,255
2332,2332,0,255
2333,2333,0,255
2334,2334,0,255
2335,2335,0,255
2336,2336,0,255
2337,2337,0,255
2338,2338,0,255
2339,2339,0,255
2340,2340,0,255
2341,2341,0,255
2342,2342,0,255
2343,2343,0,255
2344,2344,0,255
2345,2345,0,255
2346,2346,0,255
2347,2347,0,255
2348,2348,0,255
2349,2349,0,255
2350,2350,0,255
2351,2351,0,255
2352,2352,0,255
2353,2353,0,255
2354,2354,0,255
2355,2355,0,255
2356,2356,0,255
2357,2357,0,255
2358,2358,0,255
2359,2359,0,255
2360,2360,0,255
2361,2361,0,255
2362,2362,0,255
2363,2363,0,255
2364,2364,0,255
2365,2365,0,255
2366,2366,0,255
2367,2367,0,255
2368,2368,0,255
2369,2369,0,255
2370,2370,0,255
2371,2371,0,255
2372,2372,0,255
2373,2373,0,255
2374,2374,0,255
2375,2375,0,255
2376,2376,0,255
2377,2377,0,255
2378,2378,0,255
2379,2379,0,255
2380,2380,0,255
2381,2381,0,255
2382,2382,0,255
2383,2383,0,255
2384,2384,0,255
2385,2385,0,255
2386,2386,0,255
2387,2387,0,255
2388,2388,0,255
2389,2389,0,255
2390,2390,0,255
2391,2391,0,255
2392,2392,0,255
2393,2393,0,255
2394,2394,0,255
2395,2395,0,255
2396,2396,0,255
2397,2397,0,255
2398,2398,0,255
2399,2399,0,255
2400,2400,0,255
2401,2401,0,255
2402,2402,0,255
2403,2403,0,255
2404,2404,0,255
2405,2405,0,255
2406,2406,0,255
2407,2407,0,255
2408,2408,0,255
2409,2409,0,255
2410,2410,0,255
2411,2411,0,255
2412,2412,0,255
2413,2413,0,255
2414,2414,0,255
2415,2415,0,255
2416,2416,0,255
2417,2417,0,255
2418,2418,0,255
2419,2419,0,255
2420,2420,0,255
2421,2421,0,255
2422,2422,0,255
2423,2423,0,255
2424,2424,0,255
2425,2425,0,255
2426,2426,0,255
2427,2427,0,255
2428,2428,0,255
2429,2429,0,255
2430,2430,0,255
2431,2431,0,255
2432,2432,0,255
2433,2433,0,255
2434,2434,0,255
2435,2435,0,255
2436,2436,0,255
2437,2437,0,255
2438,2438,0,255
2439,2439,0,255
2440,2440,0,255
2441,2441,0,255
2442,2442,0,255
2443,2443,0,255
2444,2444,0,255
2445,2445,0,255
2446,2446,0,255
2447,2447,0,255
2448,2448,0,255
2449,2449,0,255
2450,2450,0,255
2451,2451,0,255
2452,2452,0,255
2453,2453,0,255
2454,2454,0,255
2455,2455,0,255
2456,2456,0,255
2457,2457,0,255
2458,2458,0,255
2459,2459,0,255
2460,2460,0,255
2461,2461,0,255
2462,2462,0,254
2463,2463,0,254
2464,2464,0,254
2465,2465,0,254
2466,2466,0,255
2467,2467,0,255
2468,2468,0,255
2469,2469,0,255
2470,2470,0,255
2471,2471,0,255
2472,2472,0,255
2473,2473,0,255
2474,2474,0,255
2475,2475,0,255
2476,2476,0,255
2477,2477,0,255
2478,2478,0,255
2479,2479,0,255
2480,2480,0,255
2481,2481,0,255
2482,2482,0,255
2483,2483,0,255
2484,2484,0,255
2485,2485,0,255
2486,2486,0,255
2487,2487,0,255
2488,2488,0,255
2489,2489,0,255
2490,2490,0,255
2491,2491,0,255
2492,2492,0,254
2493,2493,0,254
2494,2494,0,255
2495,2495,0,255
2496,2496,0,255
2497,2497,0,255
2498,2498,0,254
2499,2499,0,255
2500,2500,0,255
2501,2501,0,255
2502,2502,0,255
2503,2503,0,255
2504,2504,0,255
2505,2505,0,255
2506,2506,0,255
2507,2507,0,255
2508,2508,0,255
2509,2509,0,255
2510,2510,0,255
2511,2511,0,255
2512,2512,0,255
2513,2513,0,255
2514,2514,0,255
2515,2515,0,255
2516,2516,0,255
2517,2517,0,255
2518,2518,0,255
2519,2519,0,255
2520,2520,0,255
2521,2521,0,255
2522,2522,0,255
2523,2523,0,254
2524,2524,0,255
2525,2525,0,254
2526,2526,0,240
2527,2527,0,239
2528,2528,0,240
2529,2529,0,241
2530,2530,0,254
2531,2531,0,254
2532,2532,0,254
2533,2533,0,255
2534,2534,0,255
2535,2535,0,255
2536,2536,0,255
2537,2537,0,255
2538,2538,0,255
2539,2539,0,255
2540,2540,0,255
2541,2541,0,255
2542,2542,0,255
2543,2543,0,255
2544,2544,0,255
2545,2545,0,255
2546,2546,0,255
2547,2547,0,255
2548,2548,0,255
2549,2549,0,255
2550,2550,0,255
2551,2551,0,255
2552,2552,0,255
2553,2553,0,254
2554,2554,0,254
2555,2555,0,253
2556,2556,0,244
2557,2557,0,225
2558,2558,0,54
2559,2559,0,38
2560,2560,0,36
2561,2561,0,52
2562,2562,0,227
2563,2563,0,255
2564,2564,0,254
2565,2565,0,254
2566,2566,0,255
2567,2567,0,255
2568,2568,0,255
2569,2569,0,255
2570,2570,0,255
2571,2571,0,255
2572,2572,0,255
2573,2573,0,255
2574,2574,0,255
2575,2575,0,255
2576,2576,0,255
2577,2577,0,255
2578,2578,0,255
2579,2579,0,255
2580,2580,0,255
2581,2581,0,255
2582,2582,0,255
2583,2583,0,254
2584,2584,0,254
2585,2585,0,254
2586,2586,0,255
2587,2587,0,227
2588,2588,0,54
2589,2589,0,38
2590,2590,0,43
2591,2591,0,43
2592,2592,0,55
2593,2593,0,47
2594,2594,0,55
2595,2595,0,225
2596,2596,0,244
2597,2597,0,253
2598,2598,0,255
2599,2599,0,255
2600,2600,0,255
2601,2601,0,255
2602,2602,0,255
2603,2603,0,255
2604,2604,0,255
2605,2605,0,255
2606,2606,0,255
2607,2607,0,255
2608,2608,0,255
2609,2609,0,255
2610,2610,0,255
2611,2611,0,255
2612,2612,0,255
2613,2613,0,255
2614,2614,0,254
2615,2615,0,255
2616,2616,0,253
2617,2617,0,243
2618,2618,0,224
2619,2619,0,54
2620,2620,0,39
2621,2621,0,44
2622,2622,0,46
2623,2623,0,57
2624,2624,0,169
2625,2625,0,178
2626,2626,0,52
2627,2627,0,37
2628,2628,0,57
2629,2629,0,228
2630,2630,0,255
2631,2631,0,254
2632,2632,0,255
2633,2633,0,255
2634,2634,0,255
2635,2635,0,255
2636,2636,0,255
2637,2637,0,255
2638,2638,0,255
2639,2639,0,255
2640,2640,0,255
2641,2641,0,255
2642,2642,0,255
2643,2643,0,255
2644,2644,0,255
2645,2645,0,254
2646,2646,0,253
2647,2647,0,243
2648,2648,0,224
2649,2649,0,57
2650,2650,0,37
2651,2651,0,23
2652,2652,0,46
2653,2653,0,50
2654,2654,0,48
2655,2655,0,46
2656,2656,0,70
2657,2657,0,168
2658,2658,0,61
2659,2659,0,36
2660,2660,0,33
2661,2661,0,51
2662,2662,0,240
2663,2663,0,255
2664,2664,0,254
2665,2665,0,255
2666,2666,0,255
2667,2667,0,255
2668,2668,0,255
2669,2669,0,255
2670,2670,0,255
2671,2671,0,255
2672,2672,0,255
2673,2673,0,255
2674,2674,0,255
2675,2675,0,255
2676,2676,0,254
2677,2677,0,255
2678,2678,0,226
2679,2679,0,55
2680,2680,0,41
2681,2681,0,72
2682,2682,0,70
2683,2683,0,31
2684,2684,0,26
2685,2685,0,45
2686,2686,0,48
2687,2687,0,47
2688,2688,0,46
2689,2689,0,55
2690,2690,0,43
2691,2691,0,44
2692,2692,0,39
2693,2693,0,51
2694,2694,0,240
2695,2695,0,255
2696,2696,0,254
2697,2697,0,255
2698,2698,0,255
2699,2699,0,255
2700,2700,0,255
2701,2701,0,255
2702,2702,0,255
2703,2703,0,255
2704,2704,0,255
2705,2705,0,255
2706,2706,0,255
2707,2707,0,254
2708,2708,0,255
2709,2709,0,226
2710,2710,0,58
2711,2711,0,67
2712,2712,0,74
2713,2713,0,81
2714,2714,0,83
2715,2715,0,73
2716,2716,0,30
2717,2717,0,27
2718,2718,0,47
2719,2719,0,49
2720,2720,0,49
2721,2721,0,41
2722,2722,0,54
2723,2723,0,226
2724,2724,0,242
2725,2725,0,240
2726,2726,0,254
2727,2727,0,255
2728,2728,0,255
2729,2729,0,255
2730,2730,0,255
2731,2731,0,255
2732,2732,0,255
2733,2733,0,255
2734,2734,0,255
2735,2735,0,255
2736,2736,0,255
2737,2737,0,255
2738,2738,0,254
2739,2739,0,255
2740,2740,0,226
2741,2741,0,58
2742,2742,0,67
2743,2743,0,83
2744,2744,0,82
2745,2745,0,80
2746,2746,0,80
2747,2747,0,82
2748,2748,0,72
2749,2749,0,29
2750,2750,0,45
2751,2751,0,50
2752,2752,0,43
2753,2753,0,42
2754,2754,0,225
2755,2755,0,255
2756,2756,0,254
2757,2757,0,255
2758,2758,0,255
2759,2759,0,255
2760,2760,0,255
2761,2761,0,255
2762,2762,0,255
2763,2763,0,255
2764,2764,0,255
2765,2765,0,255
2766,2766,0,255
2767,2767,0,255
2768,2768,0,255
2769,2769,0,254
2770,2770,0,255
2771,2771,0,226
2772,2772,0,58
2773,2773,0,67
2774,2774,0,83
2775,2775,0,79
2776,2776,0,79
2777,2777,0,80
2778,2778,0,80
2779,2779,0,82
2780,2780,0,78
2781,2781,0,30
2782,2782,0,45
2783,2783,0,50
2784,2784,0,42
2785,2785,0,38
2786,2786,0,239
2787,2787,0,255
2788,2788,0,253
2789,2789,0,254
2790,2790,0,255
2791,2791,0,255
2792,2792,0,255
2793,2793,0,255
2794,2794,0,255
2795,2795,0,255
2796,2796,0,255
2797,2797,0,255
2798,2798,0,255
2799,2799,0,255
2800,2800,0,254
2801,2801,0,255
2802,2802,0,226
2803,2803,0,58
2804,2804,0,67
2805,2805,0,83
2806,2806,0,81
2807,2807,0,81
2808,2808,0,81
2809,2809,0,81
2810,2810,0,80
2811,2811,0,77
2812,2812,0,72
2813,2813,0,31
2814,2814,0,46
2815,2815,0,50
2816,2816,0,43
2817,2817,0,55
2818,2818,0,240
2819,2819,0,255
2820,2820,0,254
2821,2821,0,255
2822,2822,0,255
2823,2823,0,255
2824,2824,0,255
2825,2825,0,255
2826,2826,0,255
2827,2827,0,255
2828,2828,0,255
2829,2829,0,255
2830,2830,0,255
2831,2831,0,254
2832,2832,0,255
2833,2833,0,226
2834,2834,0,58
2835,2835,0,67
2836,2836,0,83
2837,2837,0,81
2838,2838,0,76
2839,2839,0,75
2840,2840,0,75
2841,2841,0,76
2842,2842,0,72
2843,2843,0,31
2844,2844,0,29
2845,2845,0,45
2846,2846,0,50
2847,2847,0,43
2848,2848,0,38
2849,2849,0,225
2850,2850,0,255
2851,2851,0,254
2852,2852,0,255
2853,2853,0,255
2854,2854,0,255
2855,2855,0,255
2856,2856,0,255
2857,2857,0,255
2858,2858,0,255
2859,2859,0,255
2860,2860,0,255
2861,2861,0,255
2862,2862,0,254
2863,2863,0,255
2864,2864,0,227
2865,2865,0,58
2866,2866,0,67
2867,2867,0,83
2868,2868,0,82
2869,2869,0,73
2870,2870,0,31
2871,2871,0,31
2872,2872,0,32
2873,2873,0,31
2874,2874,0,32
2875,2875,0,25
2876,2876,0,43
2877,2877,0,48
2878,2878,0,49
2879,2879,0,39
2880,2880,0,54
2881,2881,0,240
2882,2882,0,255
2883,2883,0,254
2884,2884,0,255
2885,2885,0,255
2886,2886,0,255
2887,2887,0,255
2888,2888,0,255
2889,2889,0,255
2890,2890,0,255
2891,2891,0,255
2892,2892,0,255
2893,2893,0,254
2894,2894,0,255
2895,2895,0,240
2896,2896,0,52
2897,2897,0,67
2898,2898,0,84
2899,2899,0,82
2900,2900,0,73
2901,2901,0,29
2902,2902,0,29
2903,2903,0,72
2904,2904,0,76
2905,2905,0,76
2906,2906,0,68
2907,2907,0,30
2908,2908,0,47
2909,2909,0,50
2910,2910,0,39
2911,2911,0,54
2912,2912,0,228
2913,2913,0,255
2914,2914,0,254
2915,2915,0,255
2916,2916,0,255
2917,2917,0,255
2918,2918,0,255
2919,2919,0,255
2920,2920,0,255
2921,2921,0,255
2922,2922,0,255
2923,2923,0,255
2924,2924,0,255
2925,2925,0,254
2926,2926,0,255
2927,2927,0,239
2928,2928,0,57
2929,2929,0,70
2930,2930,0,78
2931,2931,0,72
2932,2932,0,30
2933,2933,0,29
2934,2934,0,73
2935,2935,0,81
2936,2936,0,82
2937,2937,0,74
2938,2938,0,35
2939,2939,0,45
2940,2940,0,50
2941,2941,0,39
2942,2942,0,54
2943,2943,0,227
2944,2944,0,255
2945,2945,0,254
2946,2946,0,255
2947,2947,0,255
2948,2948,0,255
2949,2949,0,255
2950,2950,0,255
2951,2951,0,255
2952,2952,0,255
2953,2953,0,255
2954,2954,0,255
2955,2955,0,255
2956,2956,0,255
2957,2957,0,255
2958,2958,0,254
2959,2959,0,255
2960,2960,0,213
2961,2961,0,43
2962,2962,0,28
2963,2963,0,32
2964,2964,0,26
2965,2965,0,72
2966,2966,0,82
2967,2967,0,81
2968,2968,0,73
2969,2969,0,33
2970,2970,0,44
2971,2971,0,51
2972,2972,0,39
2973,2973,0,54
2974,2974,0,227
2975,2975,0,255
2976,2976,0,254
2977,2977,0,255
2978,2978,0,255
2979,2979,0,255
2980,2980,0,255
2981,2981,0,255
2982,2982,0,255
2983,2983,0,255
2984,2984,0,255
2985,2985,0,255
2986,2986,0,255
2987,2987,0,255
2988,2988,0,255
2989,2989,0,254
2990,2990,0,255
2991,2991,0,226
2992,2992,0,61
2993,2993,0,70
2994,2994,0,78
2995,2995,0,67
2996,2996,0,34
2997,2997,0,77
2998,2998,0,83
2999,2999,0,73
3000,3000,0,33
3001,3001,0,44
3002,3002,0,50
3003,3003,0,38
3004,3004,0,54
3005,3005,0,227
3006,3006,0,255
3007,3007,0,254
3008,3008,0,255
3009,3009,0,255
3010,3010,0,255
3011,3011,0,255
3012,3012,0,255
3013,3013,0,255
3014,3014,0,255
3015,3015,0,255
3016,3016,0,255
3017,3017,0,255
3018,3018,0,255
3019,3019,0,255
3020,3020,0,254
3021,3021,0,255
3022,3022,0,226
3023,3023,0,58
3024,3024,0,68
3025,3025,0,84
3026,3026,0,74
3027,3027,0,39
3028,3028,0,72
3029,3029,0,80
3030,3030,0,74
3031,3031,0,35
3032,3032,0,44
3033,3033,0,50
3034,3034,0,43
3035,3035,0,58
3036,3036,0,226
3037,3037,0,255
3038,3038,0,254
3039,3039,0,255
3040,3040,0,255
3041,3041,0,255
3042,3042,0,255
3043,3043,0,255
3044,3044,0,255
3045,3045,0,255
3046,3046,0,255
3047,3047,0,255
3048,3048,0,255
3049,3049,0,255
3050,3050,0,255
3051,3051,0,254
3052,3052,0,255
3053,3053,0,227
3054,3054,0,60
3055,3055,0,69
3056,3056,0,76
3057,3057,0,67
3058,3058,0,34
3059,3059,0,71
3060,3060,0,83
3061,3061,0,78
3062,3062,0,29
3063,3063,0,38
3064,3064,0,48
3065,3065,0,41
3066,3066,0,40
3067,3067,0,212
3068,3068,0,255
3069,3069,0,254
3070,3070,0,255
3071,3071,0,255
3072,3072,0,255
3073,3073,0,255
3074,3074,0,255
3075,3075,0,255
3076,3076,0,255
3077,3077,0,255
3078,3078,0,255
3079,3079,0,255
3080,3080,0,255
3081,3081,0,255
3082,3082,0,254
3083,3083,0,255
3084,3084,0,222
3085,3085,0,51
3086,3086,0,60
3087,3087,0,72
3088,3088,0,46
3089,3089,0,43
3090,3090,0,28
3091,3091,0,77
3092,3092,0,83
3093,3093,0,70
3094,3094,0,42
3095,3095,0,40
3096,3096,0,27
3097,3097,0,27
3098,3098,0,23
3099,3099,0,56
3100,3100,0,227
3101,3101,0,255
3102,3102,0,254
3103,3103,0,255
3104,3104,0,255
3105,3105,0,255
3106,3106,0,255
3107,3107,0,255
3108,3108,0,255
3109,3109,0,255
3110,3110,0,255
3111,3111,0,255
3112,3112,0,255
3113,3113,0,254
3114,3114,0,255
3115,3115,0,242
3116,3116,0,67
3117,3117,0,35
3118,3118,0,41
3119,3119,0,56
3120,3120,0,227
3121,3121,0,213
3122,3122,0,44
3123,3123,0,76
3124,3124,0,69
3125,3125,0,57
3126,3126,0,230
3127,3127,0,228
3128,3128,0,38
3129,3129,0,17
3130,3130,0,22
3131,3131,0,17
3132,3132,0,50
3133,3133,0,241
3134,3134,0,255
3135,3135,0,254
3136,3136,0,255
3137,3137,0,255
3138,3138,0,255
3139,3139,0,255
3140,3140,0,255
3141,3141,0,255
3142,3142,0,255
3143,3143,0,255
3144,3144,0,255
3145,3145,0,255
3146,3146,0,255
3147,3147,0,254
3148,3148,0,237
3149,3149,0,239
3150,3150,0,237
3151,3151,0,243
3152,3152,0,239
3153,3153,0,62
3154,3154,0,73
3155,3155,0,69
3156,3156,0,58
3157,3157,0,224
3158,3158,0,255
3159,3159,0,238
3160,3160,0,37
3161,3161,0,35
3162,3162,0,41
3163,3163,0,19
3164,3164,0,49
3165,3165,0,241
3166,3166,0,255
3167,3167,0,254
3168,3168,0,255
3169,3169,0,255
3170,3170,0,255
3171,3171,0,255
3172,3172,0,255
3173,3173,0,255
3174,3174,0,255
3175,3175,0,255
3176,3176,0,255
3177,3177,0,255
3178,3178,0,255
3179,3179,0,255
3180,3180,0,255
3181,3181,0,255
3182,3182,0,254
3183,3183,0,255
3184,3184,0,237
3185,3185,0,36
3186,3186,0,60
3187,3187,0,60
3188,3188,0,225
3189,3189,0,255
3190,3190,0,255
3191,3191,0,236
3192,3192,0,67
3193,3193,0,226
3194,3194,0,227
3195,3195,0,66
3196,3196,0,224
3197,3197,0,255
3198,3198,0,254
3199,3199,0,255
3200,3200,0,255
3201,3201,0,255
3202,3202,0,255
3203,3203,0,255
3204,3204,0,255
3205,3205,0,255
3206,3206,0,255
3207,3207,0,255
3208,3208,0,255
3209,3209,0,255
3210,3210,0,255
3211,3211,0,255
3212,3212,0,254
3213,3213,0,254
3214,3214,0,253
3215,3215,0,255
3216,3216,0,241
3217,3217,0,52
3218,3218,0,52
3219,3219,0,227
3220,3220,0,255
3221,3221,0,253
3222,3222,0,255
3223,3223,0,254
3224,3224,0,241
3225,3225,0,254
3226,3226,0,254
3227,3227,0,241
3228,3228,0,254
3229,3229,0,255
3230,3230,0,255
3231,3231,0,255
3232,3232,0,255
3233,3233,0,255
3234,3234,0,255
3235,3235,0,255
3236,3236,0,255
3237,3237,0,255
3238,3238,0,255
3239,3239,0,255
3240,3240,0,255
3241,3241,0,255
3242,3242,0,255
3243,3243,0,255
3244,3244,0,255
3245,3245,0,255
3246,3246,0,255
3247,3247,0,255
3248,3248,0,254
3249,3249,0,240
3250,3250,0,239
3251,3251,0,254
3252,3252,0,254
3253,3253,0,255
3254,3254,0,255
3255,3255,0,255
3256,3256,0,255
3257,3257,0,254
3258,3258,0,254
3259,3259,0,255
3260,3260,0,254
3261,3261,0,255
3262,3262,0,255
3263,3263,0,255
3264,3264,0,255
3265,3265,0,255
3266,3266,0,255
3267,3267,0,255
3268,3268,0,255
3269,3269,0,255
3270,3270,0,255
3271,3271,0,255
3272,3272,0,255
3273,3273,0,255
3274,3274,0,255
3275,3275,0,255
3276,3276,0,255
3277,3277,0,255
3278,3278,0,255
3279,3279,0,255
3280,3280,0,255
3281,3281,0,255
3282,3282,0,255
3283,3283,0,254
3284,3284,0,255
3285,3285,0,255
3286,3286,0,255
3287,3287,0,255
3288,3288,0,254
3289,3289,0,255
3290,3290,0,255
3291,3291,0,254
3292,3292,0,255
3293,3293,0,255
3294,3294,0,255
3295,3295,0,255
3296,3296,0,255
3297,3297,0,255
3298,3298,0,255
3299,3299,0,255
3300,3300,0,255
3301,3301,0,255
3302,3302,0,255
3303,3303,0,255
3304,3304,0,255
3305,3305,0,255
3306,3306,0,255
3307,3307,0,255
3308,3308,0,255
3309,3309,0,255
3310,3310,0,255
3311,3311,0,255
3312,3312,0,255
3313,3313,0,254
3314,3314,0,254
3315,3315,0,255
3316,3316,0,255
3317,3317,0,255
3318,3318,0,255
3319,3319,0,255
3320,3320,0,255
3321,3321,0,255
3322,3322,0,255
3323,3323,0,255
3324,3324,0,255
3325,3325,0,255
3326,3326,0,255
3327,3327,0,255
3328,3328,0,255
3329,3329,0,255
3330,3330,0,255
3331,3331,0,255
3332,3332,0,255
3333,3333,0,255
3334,3334,0,255
3335,3335,0,255
3336,3336,0,255
3337,3337,0,255
3338,3338,0,255
3339,3339,0,255
3340,3340,0,255
3341,3341,0,255
3342,3342,0,255
3343,3343,0,255
3344,3344,0,255
3345,3345,0,255
3346,3346,0,255
3347,3347,0,255
3348,3348,0,255
3349,3349,0,255
3350,3350,0,255
3351,3351,0,255
3352,3352,0,255
3353,3353,0,255
3354,3354,0,255
3355,3355,0,255
3356,3356,0,255
3357,3357,0,255
3358,3358,0,255
3359,3359,0,255
3360,3360,0,255
3361,3361,0,255
3362,3362,0,255
3363,3363,0,255
3364,3364,0,255
3365,3365,0,255
3366,3366,0,255
3367,3367,0,255
3368,3368,0,255
3369,3369,0,255
3370,3370,0,255
3371,3371,0,255
3372,3372,0,255
3373,3373,0,255
3374,3374,0,255
3375,3375,0,255
3376,3376,0,255
3377,3377,0,255
3378,3378,0,255
3379,3379,0,255
3380,3380,0,255
3381,3381,0,255
3382,3382,0,255
3383,3383,0,255
3384,3384,0,255
3385,3385,0,255
3386,3386,0,255
3387,3387,0,255
3388,3388,0,255
3389,3389,0,255
3390,3390,0,255
3391,3391,0,255
3392,3392,0,255
3393,3393,0,255
3394,3394,0,255
3395,3395,0,255
3396,3396,0,255
3397,3397,0,255
3398,3398,0,255
3399,3399,0,255
3400,3400,0,255
3401,3401,0,255
3402,3402,0,255
3403,3403,0,255
3404,3404,0,255
3405,3405,0,255
3406,3406,0,255
3407,3407,0,255
3408,3408,0,255
3409,3409,0,255
3410,3410,0,255
3411,3411,0,255
3412,3412,0,255
3413,3413,0,255
3414,3414,0,255
3415,3415,0,255
3416,3416,0,255
3417,3417,0,255
3418,3418,0,255
3419,3419,0,255
3420,3420,0,255
3421,3421,0,255
3422,3422,0,255
3423,3423,0,255
3424,3424,0,255
3425,3425,0,255
3426,3426,0,255
3427,3427,0,255
3428,3428,0,255
3429,3429,0,255
3430,3430,0,255
3431,3431,0,255
3432,3432,0,255
3433,3433,0,255
3434,3434,0,255
3435,3435,0,255
3436,3436,0,255
3437,3437,0,255
3438,3438,0,255
3439,3439,0,255
3440,3440,0,255
3441,3441,0,255
3442,3442,0,255
3443,3443,0,255
3444,3444,0,255
3445,3445,0,255
3446,3446,0,255
3447,3447,0,255
3448,3448,0,255
3449,3449,0,255
3450,3450,0,255
3451,3451,0,255
3452,3452,0,255
3453,3453,0,255
3454,3454,0,255
3455,3455,0,255
3456,3456,0,255
3457,3457,0,255
3458,3458,0,255
3459,3459,0,255
3460,3460,0,255
3461,3461,0,255
3462,3462,0,255
3463,3463,0,255
3464,3464,0,255
3465,3465,0,255
3466,3466,0,255
3467,3467,0,255
3468,3468,0,255
3469,3469,0,255
3470,3470,0,255
3471,3471,0,255
3472,3472,0,255
3473,3473,0,255
3474,3474,0,255
3475,3475,0,255
3476,3476,0,255
3477,3477,0,255
3478,3478,0,255
3479,3479,0,255
3480,3480,0,255
3481,3481,0,255
3482,3482,0,255
3483,3483,0,255
3484,3484,0,255
3485,3485,0,255
3486,3486,0,254
3487,3487,0,254
3488,3488,0,254
3489,3489,0,254
3490,3490,0,255
3491,3491,0,255
3492,3492,0,255
3493,3493,0,255
3494,3494,0,255
3495,3495,0,255
3496,3496,0,255
3497,3497,0,255
3498,3498,0,255
3499,3499,0,255
3500,3500,0,255
3501,3501,0,255
3502,3502,0,255
3503,3503,0,255
3504,3504,0,255
3505,3505,0,255
3506,3506,0,255
3507,3507,0,255
3508,3508,0,255
3509,3509,0,255
3510,3510,0,255
3511,3511,0,255
3512,3512,0,255
3513,3513,0,255
3514,3514,0,255
3515,3515,0,255
3516,3516,0,254
3517,3517,0,254
3518,3518,0,255
3519,3519,0,255
3520,3520,0,255
3521,3521,0,255
3522,3522,0,254
3523,3523,0,255
3524,3524,0,255
3525,3525,0,255
3526,3526,0,255
3527,3527,0,255
3528,3528,0,255
3529,3529,0,255
3530,3530,0,255
3531,3531,0,255
3532,3532,0,255
3533,3533,0,255
3534,3534,0,255
3535,3535,0,255
3536,3536,0,255
3537,3537,0,255
3538,3538,0,255
3539,3539,0,255
3540,3540,0,255
3541,3541,0,255
3542,3542,0,255
3543,3543,0,255
3544,3544,0,255
3545,3545,0,255
3546,3546,0,255
3547,3547,0,254
3548,3548,0,255
3549,3549,0,254
3550,3550,0,240
3551,3551,0,239
3552,3552,0,240
3553,3553,0,241
3554,3554,0,254
3555,3555,0,254
3556,3556,0,254
3557,3557,0,255
3558,3558,0,255
3559,3559,0,255
3560,3560,0,255
3561,3561,0,255
3562,3562,0,255
3563,3563,0,255
3564,3564,0,255
3565,3565,0,255
3566,3566,0,255
3567,3567,0,255
3568,3568,0,255
3569,3569,0,255
3570,3570,0,255
3571,3571,0,255
3572,3572,0,255
3573,3573,0,255
3574,3574,0,255
3575,3575,0,255
3576,3576,0,255
3577,3577,0,254
3578,3578,0,254
3579,3579,0,253
3580,3580,0,244
3581,3581,0,225
3582,3582,0,54
3583,3583,0,38
3584,3584,0,36
3585,3585,0,52
3586,3586,0,227
3587,3587,0,255
3588,3588,0,254
3589,3589,0,254
3590,3590,0,255
3591,3591,0,255
3592,3592,0,255
3593,3593,0,255
3594,3594,0,255
3595,3595,0,255
3596,3596,0,255
3597,3597,0,255
3598,3598,0,255
3599,3599,0,255
3600,3600,0,255
3601,3601,0,255
3602,3602,0,255
3603,3603,0,255
3604,3604,0,255
3605,3605,0,255
3606,3606,0,255
3607,3607,0,254
3608,3608,0,254
3609,3609,0,254
3610,3610,0,255
3611,3611,0,227
3612,3612,0,54
3613,3613,0,38
3614,3614,0,43
3615,3615,0,43
3616,3616,0,55
3617,3617,0,47
3618,3618,0,55
3619,3619,0,225
3620,3620,0,244
3621,3621,0,253
3622,3622,0,255
3623,3623,0,255
3624,3624,0,255
3625,3625,0,255
3626,3626,0,255
3627,3627,0,255
3628,3628,0,255
3629,3629,0,255
3630,3630,0,255
3631,3631,0,255
3632,3632,0,255
3633,3633,0,255
3634,3634,0,255
3635,3635,0,255
3636,3636,0,255
3637,3637,0,255
3638,3638,0,254
3639,3639,0,255
3640,3640,0,253
3641,3641,0,243
3642,3642,0,224
3643,3643,0,54
3644,3644,0,39
3645,3645,0,44
3646,3646,0,46
3647,3647,0,57
3648,3648,0,169
3649,3649,0,178
3650,3650,0,52
3651,3651,0,37
3652,3652,0,57
3653,3653,0,228
3654,3654,0,255
3655,3655,0,254
3656,3656,0,255
3657,3657,0,255
3658,3658,0,255
3659,3659,0,255
3660,3660,0,255
3661,3661,0,255
3662,3662,0,255
3663,3663,0,255
3664,3664,0,255
3665,3665,0,255
3666,3666,0,255
3667,3667,0,255
3668,3668,0,255
3669,3669,0,254
3670,3670,0,253
3671,3671,0,243
3672,3672,0,224
3673,3673,0,57
3674,3674,0,37
3675,3675,0,23
3676,3676,0,46
3677,3677,0,50
3678,3678,0,48
3679,3679,0,46
3680,3680,0,70
3681,3681,0,168
3682,3682,0,61
3683,3683,0,36
3684,3684,0,33
3685,3685,0,51
3686,3686,0,240
3687,3687,0,255
3688,3688,0,254
3689,3689,0,255
3690,3690,0,255
3691,3691,0,255
3692,3692,0,255
3693,3693,0,255
3694,3694,0,255
3695,3695,0,255
3696,3696,0,255
3697,3697,0,255
3698,3698,0,255
3699,3699,0,255
3700,3700,0,254
3701,3701,0,255
3702,3702,0,226
3703,3703,0,55
3704,3704,0,41
3705,3705,0,72
3706,3706,0,70
3707,3707,0,31
3708,3708,0,26
3709,3709,0,45
3710,3710,0,48
3711,3711,0,47
3712,3712,0,46
3713,3713,0,55
3714,3714,0,43
3715,3715,0,44
3716,3716,0,39
3717,3717,0,51
3718,3718,0,240
3719,3719,0,255
3720,3720,0,254
3721,3721,0,255
3722,3722,0,255
3723,3723,0,255
3724,3724,0,255
3725,3725,0,255
3726,3726,0,255
3727,3727,0,255
3728,3728,0,255
3729,3729,0,255
3730,3730,0,255
3731,3731,0,254
3732,3732,0,255
3733,3733,0,226
3734,3734,0,58
3735,3735,0,67
3736,3736,0,74
3737,3737,0,81
3738,3738,0,83
3739,3739,0,73
3740,3740,0,30
3741,3741,0,27
3742,3742,0,47
3743,3743,0,49
3744,3744,0,49
3745,3745,0,41
3746,3746,0,54
3747,3747,0,226
3748,3748,0,242
3749,3749,0,240
3750,3750,0,254
3751,3751,0,255
3752,3752,0,255
3753,3753,0,255
3754,3754,0,255
3755,3755,0,255
3756,3756,0,255
3757,3757,0,255
3758,3758,0,255
3759,3759,0,255
3760,3760,0,255
3761,3761,0,255
3762,3762,0,254
3763,3763,0,255
3764,3764,0,226
3765,3765,0,58
3766,3766,0,67
3767,3767,0,83
3768,3768,0,82
3769,3769,0,80
3770,3770,0,80
3771,3771,0,82
3772,3772,0,72
3773,3773,0,29
3774,3774,0,45
3775,3775,0,50
3776,3776,0,43
3777,3777,0,42
3778,3778,0,225
3779,3779,0,255
3780,3780,0,254
3781,3781,0,255
3782,3782,0,255
3783,3783,0,255
3784,3784,0,255
3785,3785,0,255
3786,3786,0,255
3787,3787,0,255
3788,3788,0,255
3789,3789,0,255
3790,3790,0,255
3791,3791,0,255
3792,3792,0,255
3793,3793,0,254
3794,3794,0,255
3795,3795,0,226
3796,3796,0,58
3797,3797,0,67
3798,3798,0,83
3799,3799,0,79
3800,3800,0,79
3801,3801,0,80
3802,3802,0,80
3803,3803,0,82
3804,3804,0,78
3805,3805,0,30
3806,3806,0,45
3807,3807,0,50
3808,3808,0,42
3809,3809,0,38
3810,3810,0,239
3811,3811,0,255
3812,3812,0,253
3813,3813,0,254
3814,3814,0,255
3815,3815,0,255
3816,3816,0,255
3817,3817,0,255
3818,3818,0,255
3819,3819,0,255
3820,3820,0,255
3821,3821,0,255
3822,3822,0,255
3823,3823,0,255
3824,3824,0,254
3825,3825,0,255
3826,3826,0,226
3827,3827,0,58
3828,3828,0,67
3829,3829,0,83
3830,3830,0,81
3831,3831,0,81
3832,3832,0,81
3833,3833,0,81
3834,3834,0,80
3835,3835,0,77
3836,3836,0,72
3837,3837,0,31
3838,3838,0,46
3839,3839,0,50
3840,3840,0,43
3841,3841,0,55
3842,3842,0,240
3843,3843,0,255
3844,3844,0,254
3845,3845,0,255
3846,3846,0,255
3847,3847,0,255
3848,3848,0,255
3849,3849,0,255
3850,3850,0,255
3851,3851,0,255
3852,3852,0,255
3853,3853,0,255
3854,3854,0,255
3855,3855,0,254
3856,3856,0,255
3857,3857,0,226
3858,3858,0,58
3859,3859,0,67
3860,3860,0,83
3861,3861,0,81
3862,3862,0,76
3863,3863,0,75
3864,3864,0,75
3865,3865,0,76
3866,3866,0,72
3867,3867,0,31
3868,3868,0,29
3869,3869,0,45
3870,3870,0,50
3871,3871,0,43
3872,3872,0,38
3873,3873,0,225
3874,3874,0,255
3875,3875,0,254
3876,3876,0,255
3877,3877,0,255
3878,3878,0,255
3879,3879,0,255
3880,3880,0,255
3881,3881,0,255
3882,3882,0,255
3883,3883,0,255
3884,3884,0,255
3885,3885,0,255
3886,3886,0,254
3887,3887,0,255
3888,3888,0,227
3889,3889,0,58
3890,3890,0,67
3891,3891,0,83
3892,3892,0,82
3893,3893,0,73
3894,3894,0,31
3895,3895,0,31
3896,3896,0,32
3897,3897,0,31
3898,3898,0,32
3899,3899,0,25
3900,3900,0,43
3901,3901,0,48
3902,3902,0,49
3903,3903,0,39
3904,3904,0,54
3905,3905,0,240
3906,3906,0,255
3907,3907,0,254
3908,3908,0,255
3909,3909,0,255
3910,3910,0,255
3911,3911,0,255
3912,3912,0,255
3913,3913,0,255
3914,3914,0,255
3915,3915,0,255
3916,3916,0,255
3917,3917,0,254
3918,3918,0,255
3919,3919,0,240
3920,3920,0,52
3921,3921,0,67
3922,3922,0,84
3923,3923,0,82
3924,3924,0,73
3925,3925,0,29
3926,3926,0,29
3927,3927,0,72
3928,3928,0,76
3929,3929,0,76
3930,3930,0,68
3931,3931,0,30
3932,3932,0,47
3933,3933,0,50
3934,3934,0,39
3935,3935,0,54
3936,3936,0,228
3937,3937,0,255
3938,3938,0,254
3939,3939,0,255
3940,3940,0,255
3941,3941,0,255
3942,3942,0,255
3943,3943,0,255
3944,3944,0,255
3945,3945,0,255
3946,3946,0,255
3947,3947,0,255
3948,3948,0,255
3949,3949,0,254
3950,3950,0,255
3951,3951,0,239
3952,3952,0,57
3953,3953,0,70
3954,3954,0,78
3955,3955,0,72
3956,3956,0,30
3957,3957,0,29
3958,3958,0,73
3959,3959,0,81
3960,3960,0,82
3961,3961,0,74
3962,3962,0,35
3963,3963,0,45
3964,3964,0,50
3965,3965,0,39
3966,3966,0,54
3967,3967,0,227
3968,3968,0,255
3969,3969,0,254
3970,3970,0,255
3971,3971,0,255
3972,3972,0,255
3973,3973,0,255
3974,3974,0,255
3975,3975,0,255
3976,3976,0,255
3977,3977,0,255
3978,3978,0,255
3979,3979,0,255
3980,3980,0,255
3981,3981,0,255
3982,3982,0,254
3983,3983,0,255
3984,3984,0,213
3985,3985,0,43
3986,3986,0,28
3987,3987,0,32
3988,3988,0,26
3989,3989,0,72
3990,3990,0,82
3991,3991,0,81
3992,3992,0,73
3993,3993,0,33
3994,3994,0,44
3995,3995,0,51
3996,3996,0,39
3997,3997,0,54
3998,3998,0,227
3999,3999,0,255
4000,4000,0,254
4001,4001,0,255
4002,4002,0,255
4003,4003,0,255
4004,4004,0,255
4005,4005,0,255
4006,4006,0,255
4007,4007,0,255
4008,4008,0,255
4009,4009,0,255
4010,4010,0,255
4011,4011,0,255
4012,4012,0,255
4013,4013,0,254
4014,4014,0,255
4015,4015,0,226
4016,4016,0,61
4017,4017,0,70
4018,4018,0,78
4019,4019,0,67
4020,4020,0,34
4021,4021,0,77
4022,4022,0,83
4023,4023,0,73
4024,4024,0,33
4025,4025,0,44
4026,4026,0,50
4027,4027,0,38
4028,4028,0,54
4029,4029,0,227
4030,4030,0,255
4031,4031,0,254
4032,4032,0,255
4033,4033,0,255
4034,4034,0,255
4035,4035,0,255
4036,4036,0,255
4037,4037,0,255
4038,4038,0,255
4039,4039,0,255
4040,4040,0,255
4041,4041,0,255
4042,4042,0,255
4043,4043,0,255
4044,4044,0,254
4045,4045,0,255
4046,4046,0,226
4047,4047,0,58
4048,4048,0,68
4049,4049,0,84
4050,4050,0,74
4051,4051,0,39
4052,4052,0,72
4053,4053,0,80
4054,4054,0,74
4055,4055,0,35
4056,4056,0,44
4057,4057,0,50
4058,4058,0,43
4059,4059,0,58
4060,4060,0,226
4061,4061,0,255
4062,4062,0,254
4063,4063,0,255
4064,4064,0,255
4065,4065,0,255
4066,4066,0,255
4067,4067,0,255
4068,4068,0,255
4069,4069,0,255
4070,4070,0,255
4071,4071,0,255
4072,4072,0,255
4073,4073,0,255
4074,4074,0,255
4075,4075,0,254
4076,4076,0,255
4077,4077,0,227
4078,4078,0,60
4079,4079,0,69
4080,4080,0,76
4081,4081,0,67
4082,4082,0,34
4083,4083,0,71
4084,4084,0,83
4085,4085,0,78
4086,4086,0,29
4087,4087,0,38
4088,4088,0,48
4089,4089,0,41
4090,4090,0,40
4091,4091,0,212
4092,4092,0,255
4093,4093,0,254
4094,4094,0,255
4095,4095,0,255
